ProductID,Recommendation
1590,Urgent replenishment: order 4944 units
1591,Urgent replenishment: order 3625 units
2823,Urgent replenishment: order 3705 units
1948,Urgent replenishment: order 3371 units
1753,Urgent replenishment: order 3373 units
1212,Urgent replenishment: order 3659 units
2714,Urgent replenishment: order 4224 units
2637,Urgent replenishment: order 4160 units
1721,Urgent replenishment: order 2903 units
2715,Urgent replenishment: order 3052 units
2309,Urgent replenishment: order 3115 units
2556,Urgent replenishment: order 2963 units
3112,Urgent replenishment: order 2906 units
2508,Urgent replenishment: order 3052 units
2257,Urgent replenishment: order 4456 units
2149,Urgent replenishment: order 3017 units
1859,Urgent replenishment: order 3161 units
2053,Urgent replenishment: order 2618 units
1858,Urgent replenishment: order 3581 units
2148,Urgent replenishment: order 3446 units
2557,Urgent replenishment: order 3017 units
2217,Urgent replenishment: order 3134 units
1968,Urgent replenishment: order 2549 units
2844,Urgent replenishment: order 3079 units
2005,Urgent replenishment: order 2540 units
2855,Urgent replenishment: order 2710 units
1585,Urgent replenishment: order 2517 units
1852,Urgent replenishment: order 2361 units
2256,Urgent replenishment: order 7626 units
2328,Urgent replenishment: order 3202 units
2124,Urgent replenishment: order 2640 units
2170,Urgent replenishment: order 3365 units
2125,Urgent replenishment: order 2599 units
1440,Urgent replenishment: order 2289 units
2044,Urgent replenishment: order 3002 units
1469,Urgent replenishment: order 2358 units
2686,Urgent replenishment: order 4528 units
3148,Urgent replenishment: order 2538 units
1792,Urgent replenishment: order 2914 units
1608,Urgent replenishment: order 2245 units
2253,Urgent replenishment: order 2673 units
2308,Urgent replenishment: order 4584 units
2712,Urgent replenishment: order 2428 units
2895,Urgent replenishment: order 2481 units
3113,Urgent replenishment: order 2331 units
2375,Urgent replenishment: order 2222 units
3104,Urgent replenishment: order 2418 units
1576,Urgent replenishment: order 2292 units
1754,Urgent replenishment: order 3572 units
2822,Urgent replenishment: order 5773 units
2612,Urgent replenishment: order 3042 units
1144,Urgent replenishment: order 2149 units
3149,Urgent replenishment: order 2451 units
1253,Urgent replenishment: order 5364 units
1094,Urgent replenishment: order 2329 units
2220,Urgent replenishment: order 3084 units
2485,Urgent replenishment: order 2403 units
2374,Urgent replenishment: order 2344 units
3038,Urgent replenishment: order 2113 units
2324,Urgent replenishment: order 2366 units
2048,Urgent replenishment: order 2967 units
2757,Urgent replenishment: order 3213 units
2171,Urgent replenishment: order 3108 units
2613,Urgent replenishment: order 2861 units
3147,Urgent replenishment: order 2182 units
1796,Urgent replenishment: order 2114 units
2297,Urgent replenishment: order 2891 units
2440,Urgent replenishment: order 2550 units
2636,Urgent replenishment: order 8198 units
1140,Urgent replenishment: order 2056 units
2118,Urgent replenishment: order 2696 units
2713,Urgent replenishment: order 2641 units
1803,Urgent replenishment: order 2164 units
1045,Urgent replenishment: order 2059 units
1058,Urgent replenishment: order 2599 units
1609,Urgent replenishment: order 2288 units
1478,Urgent replenishment: order 2860 units
2052,Urgent replenishment: order 3613 units
2997,Urgent replenishment: order 1999 units
1867,Urgent replenishment: order 2323 units
2509,Urgent replenishment: order 2764 units
2687,Urgent replenishment: order 4234 units
1194,Urgent replenishment: order 2047 units
2515,Urgent replenishment: order 2103 units
2039,Urgent replenishment: order 2331 units
2216,Urgent replenishment: order 3534 units
2699,Urgent replenishment: order 2034 units
1529,Urgent replenishment: order 2111 units
2558,Urgent replenishment: order 1970 units
1861,Urgent replenishment: order 2096 units
2232,Urgent replenishment: order 2012 units
1526,Urgent replenishment: order 2102 units
1180,Urgent replenishment: order 2070 units
1604,Urgent replenishment: order 2319 units
1866,Urgent replenishment: order 2333 units
1755,Urgent replenishment: order 3937 units
2986,Urgent replenishment: order 2303 units
1287,Urgent replenishment: order 3165 units
1213,Urgent replenishment: order 3848 units
2845,Urgent replenishment: order 2962 units
3018,Urgent replenishment: order 2583 units
2922,Urgent replenishment: order 2287 units
2221,Urgent replenishment: order 3226 units
1558,Urgent replenishment: order 2365 units
3164,Urgent replenishment: order 2003 units
2197,Urgent replenishment: order 1954 units
1252,Urgent replenishment: order 7150 units
1059,Urgent replenishment: order 2683 units
1403,Urgent replenishment: order 1966 units
2370,Urgent replenishment: order 2145 units
1962,Urgent replenishment: order 2235 units
1933,Urgent replenishment: order 2795 units
1554,Urgent replenishment: order 1943 units
2070,Urgent replenishment: order 2701 units
1145,Urgent replenishment: order 2196 units
3171,Urgent replenishment: order 2475 units
1160,Urgent replenishment: order 1913 units
1559,Urgent replenishment: order 2197 units
1994,Urgent replenishment: order 3299 units
2538,Urgent replenishment: order 2585 units
1860,Urgent replenishment: order 1955 units
2954,Reorder 1947 units
2573,Urgent replenishment: order 2274 units
1528,Urgent replenishment: order 2042 units
2909,Urgent replenishment: order 1985 units
2008,Urgent replenishment: order 2471 units
2181,Urgent replenishment: order 2006 units
3165,Urgent replenishment: order 2014 units
1357,Urgent replenishment: order 2074 units
3074,Urgent replenishment: order 2576 units
2286,Urgent replenishment: order 2035 units
1552,Urgent replenishment: order 2209 units
1793,Urgent replenishment: order 2214 units
1589,Urgent replenishment: order 2171 units
3021,Urgent replenishment: order 2689 units
1178,Reorder 2044 units
3090,Urgent replenishment: order 2067 units
1011,Urgent replenishment: order 1898 units
1047,Urgent replenishment: order 2058 units
2294,Reorder 1941 units
1773,Urgent replenishment: order 2493 units
1109,Urgent replenishment: order 2524 units
1693,Urgent replenishment: order 1946 units
1685,Urgent replenishment: order 2250 units
1465,Urgent replenishment: order 1905 units
1039,Urgent replenishment: order 2759 units
1036,Urgent replenishment: order 2114 units
2631,Urgent replenishment: order 2033 units
1692,Urgent replenishment: order 1961 units
1855,Urgent replenishment: order 2128 units
1996,Urgent replenishment: order 3211 units
2633,Urgent replenishment: order 2043 units
1670,Urgent replenishment: order 1903 units
1037,Urgent replenishment: order 2153 units
1812,Urgent replenishment: order 2538 units
2500,Urgent replenishment: order 3149 units
2036,Reorder 1987 units
1080,Urgent replenishment: order 1914 units
1842,Urgent replenishment: order 1972 units
1165,Urgent replenishment: order 2172 units
1762,Urgent replenishment: order 1890 units
1199,Urgent replenishment: order 1863 units
1899,Urgent replenishment: order 2742 units
2892,Urgent replenishment: order 2014 units
1408,Reorder 1903 units
3067,Urgent replenishment: order 1951 units
2249,Urgent replenishment: order 1823 units
3034,Urgent replenishment: order 1811 units
2683,Urgent replenishment: order 2186 units
1600,Urgent replenishment: order 2727 units
1995,Urgent replenishment: order 2690 units
2218,Urgent replenishment: order 2148 units
1828,Urgent replenishment: order 2030 units
1601,Urgent replenishment: order 2222 units
1336,Urgent replenishment: order 1840 units
1850,Urgent replenishment: order 1810 units
2559,Urgent replenishment: order 2046 units
2572,Urgent replenishment: order 2335 units
1063,Urgent replenishment: order 1823 units
2108,Reorder 1865 units
2989,Urgent replenishment: order 1895 units
1839,Urgent replenishment: order 1917 units
2376,Urgent replenishment: order 1818 units
1815,Urgent replenishment: order 2060 units
1355,Urgent replenishment: order 1769 units
2242,Urgent replenishment: order 1817 units
2392,Urgent replenishment: order 1783 units
2096,Urgent replenishment: order 2061 units
1595,Urgent replenishment: order 2136 units
3169,Urgent replenishment: order 1786 units
2082,Urgent replenishment: order 1819 units
3217,Urgent replenishment: order 1750 units
1566,Urgent replenishment: order 5747 units
2831,Urgent replenishment: order 1825 units
1935,Urgent replenishment: order 1843 units
2015,Urgent replenishment: order 2045 units
2765,Urgent replenishment: order 1851 units
1296,Urgent replenishment: order 2013 units
3063,Urgent replenishment: order 2329 units
1874,Urgent replenishment: order 2391 units
1024,Urgent replenishment: order 2163 units
1809,Urgent replenishment: order 1738 units
2205,Urgent replenishment: order 1896 units
3045,Urgent replenishment: order 1743 units
2902,Urgent replenishment: order 2317 units
2961,Urgent replenishment: order 1749 units
2656,Reorder 2004 units
1814,Urgent replenishment: order 2159 units
2142,Urgent replenishment: order 1840 units
2102,Urgent replenishment: order 1863 units
2911,Urgent replenishment: order 1920 units
2110,Urgent replenishment: order 2574 units
2657,Urgent replenishment: order 1940 units
2233,Urgent replenishment: order 2217 units
1605,Urgent replenishment: order 2949 units
1098,Urgent replenishment: order 2553 units
1152,Urgent replenishment: order 1856 units
3027,Urgent replenishment: order 1798 units
1108,Urgent replenishment: order 3272 units
3054,Urgent replenishment: order 2310 units
1129,Urgent replenishment: order 2556 units
1567,Urgent replenishment: order 5284 units
1437,Urgent replenishment: order 1832 units
1763,Urgent replenishment: order 1815 units
2389,Urgent replenishment: order 1862 units
1089,Urgent replenishment: order 2012 units
2143,Urgent replenishment: order 1983 units
2754,Urgent replenishment: order 2576 units
1426,Urgent replenishment: order 1945 units
1224,Reorder 2277 units
1388,Urgent replenishment: order 1882 units
3111,Urgent replenishment: order 2403 units
2878,Urgent replenishment: order 2249 units
1174,Urgent replenishment: order 2335 units
1128,Reorder 2752 units
3172,Urgent replenishment: order 1702 units
1070,Reorder 2075 units
2441,Urgent replenishment: order 3020 units
1588,Urgent replenishment: order 1982 units
3168,Reorder 1792 units
2079,Urgent replenishment: order 1979 units
3080,Urgent replenishment: order 1989 units
1023,Urgent replenishment: order 1794 units
1381,Urgent replenishment: order 1777 units
2602,Urgent replenishment: order 1988 units
2146,Urgent replenishment: order 2896 units
1084,Reorder 2513 units
2756,Urgent replenishment: order 4062 units
2993,Urgent replenishment: order 2482 units
3197,Urgent replenishment: order 1913 units
2072,Urgent replenishment: order 2143 units
2388,Urgent replenishment: order 1855 units
2779,Urgent replenishment: order 2329 units
2038,Urgent replenishment: order 3388 units
2784,Urgent replenishment: order 2210 units
2994,Urgent replenishment: order 2141 units
2081,Urgent replenishment: order 1681 units
1085,Urgent replenishment: order 2279 units
2680,Urgent replenishment: order 1754 units
2532,Reorder 1771 units
1586,Urgent replenishment: order 2305 units
2437,Urgent replenishment: order 2412 units
3036,Urgent replenishment: order 2651 units
1335,Urgent replenishment: order 2001 units
2696,Urgent replenishment: order 3178 units
2348,Urgent replenishment: order 2173 units
1577,Urgent replenishment: order 2895 units
2996,Urgent replenishment: order 2765 units
2539,Urgent replenishment: order 2504 units
1584,Urgent replenishment: order 3565 units
2063,Urgent replenishment: order 2243 units
1771,Urgent replenishment: order 1669 units
2706,Urgent replenishment: order 1672 units
1121,Urgent replenishment: order 2350 units
2413,Urgent replenishment: order 2025 units
2726,Urgent replenishment: order 1722 units
2198,Reorder 1998 units
1920,Urgent replenishment: order 1858 units
1488,Urgent replenishment: order 2084 units
3086,Urgent replenishment: order 2165 units
2211,Urgent replenishment: order 2043 units
2133,Urgent replenishment: order 2084 units
2003,Urgent replenishment: order 1827 units
3096,Urgent replenishment: order 1732 units
2329,Urgent replenishment: order 4027 units
1510,Reorder 1644 units
2746,Urgent replenishment: order 1652 units
3142,Urgent replenishment: order 1689 units
2627,Urgent replenishment: order 2607 units
1056,Urgent replenishment: order 2765 units
2119,Urgent replenishment: order 3009 units
2582,Urgent replenishment: order 2901 units
1460,Reorder 2169 units
2439,Urgent replenishment: order 1697 units
3121,Urgent replenishment: order 1700 units
2673,Urgent replenishment: order 2078 units
1427,Urgent replenishment: order 1974 units
2263,Urgent replenishment: order 1927 units
1382,Urgent replenishment: order 1699 units
1088,Urgent replenishment: order 2048 units
2204,Urgent replenishment: order 2364 units
2741,Urgent replenishment: order 2105 units
1013,Urgent replenishment: order 2062 units
3154,Urgent replenishment: order 2201 units
1012,Reorder 2119 units
2843,Urgent replenishment: order 1877 units
1049,Urgent replenishment: order 2017 units
2193,Urgent replenishment: order 2204 units
2291,Urgent replenishment: order 1850 units
1219,Urgent replenishment: order 1765 units
3097,Urgent replenishment: order 1841 units
2626,Urgent replenishment: order 2595 units
2245,Urgent replenishment: order 1631 units
2147,Urgent replenishment: order 2036 units
2300,Urgent replenishment: order 2056 units
2407,Urgent replenishment: order 1814 units
1834,Urgent replenishment: order 1851 units
2748,Urgent replenishment: order 1948 units
1072,Urgent replenishment: order 3109 units
2014,Urgent replenishment: order 2834 units
2553,Urgent replenishment: order 2445 units
2583,Urgent replenishment: order 3396 units
1516,Urgent replenishment: order 1795 units
1966,Urgent replenishment: order 2500 units
2132,Urgent replenishment: order 1965 units
1376,Urgent replenishment: order 2097 units
1393,Urgent replenishment: order 2504 units
2196,Urgent replenishment: order 2152 units
2963,Urgent replenishment: order 1910 units
2707,Urgent replenishment: order 1735 units
2377,Urgent replenishment: order 2054 units
1870,Reorder 3126 units
2610,Urgent replenishment: order 1996 units
2869,Urgent replenishment: order 2006 units
1150,Urgent replenishment: order 1830 units
1735,Urgent replenishment: order 2262 units
1667,Urgent replenishment: order 1819 units
1201,Urgent replenishment: order 1732 units
1744,Urgent replenishment: order 1949 units
3019,Urgent replenishment: order 3086 units
1248,Urgent replenishment: order 1962 units
1683,Urgent replenishment: order 1647 units
1014,Reorder 2128 units
2393,Urgent replenishment: order 2061 units
1273,Urgent replenishment: order 1645 units
3033,Urgent replenishment: order 2229 units
1710,Reorder 2222 units
2456,Urgent replenishment: order 1599 units
2893,Urgent replenishment: order 2134 units
2725,Urgent replenishment: order 1958 units
2336,Urgent replenishment: order 2335 units
2522,Urgent replenishment: order 5787 units
1802,Reorder 2800 units
3178,Reorder 2373 units
2842,Urgent replenishment: order 1882 units
2749,Urgent replenishment: order 2103 units
2024,Reorder 1872 units
1682,Urgent replenishment: order 1629 units
1490,Urgent replenishment: order 1669 units
1582,Urgent replenishment: order 7988 units
2129,Urgent replenishment: order 2288 units
1454,Reorder 2460 units
3191,Urgent replenishment: order 3340 units
1161,Urgent replenishment: order 2245 units
1015,Urgent replenishment: order 1938 units
2190,Reorder 3310 units
2153,Urgent replenishment: order 1701 units
2630,Reorder 2543 units
3066,Reorder 2076 units
1025,Urgent replenishment: order 2302 units
2512,Urgent replenishment: order 2033 units
1203,Urgent replenishment: order 2144 units
1347,Urgent replenishment: order 1656 units
1949,Urgent replenishment: order 4440 units
2491,Urgent replenishment: order 2871 units
2529,Urgent replenishment: order 1672 units
1354,Urgent replenishment: order 1593 units
1097,Urgent replenishment: order 2168 units
1557,Urgent replenishment: order 1747 units
1544,Urgent replenishment: order 1829 units
1983,Urgent replenishment: order 2268 units
2579,Urgent replenishment: order 2417 units
3028,Urgent replenishment: order 2703 units
1661,Urgent replenishment: order 2032 units
2563,Urgent replenishment: order 1667 units
1030,Urgent replenishment: order 3062 units
2180,Urgent replenishment: order 2388 units
1005,Urgent replenishment: order 1769 units
1570,Urgent replenishment: order 1619 units
1785,Urgent replenishment: order 2452 units
1422,Reorder 1952 units
2199,Urgent replenishment: order 2337 units
1451,Urgent replenishment: order 1650 units
3195,Urgent replenishment: order 1844 units
2648,Urgent replenishment: order 1572 units
1282,Urgent replenishment: order 2184 units
3087,Urgent replenishment: order 2207 units
2960,Urgent replenishment: order 1798 units
2825,Urgent replenishment: order 1687 units
1851,Urgent replenishment: order 1872 units
1514,Reorder 1595 units
3157,Urgent replenishment: order 2294 units
1835,Urgent replenishment: order 1919 units
3022,Urgent replenishment: order 2213 units
3127,Urgent replenishment: order 2313 units
3116,Urgent replenishment: order 1586 units
2470,Urgent replenishment: order 1684 units
2097,Urgent replenishment: order 1965 units
2128,Reorder 2547 units
2244,Reorder 1724 units
3035,Urgent replenishment: order 1776 units
1007,Urgent replenishment: order 2103 units
1445,Urgent replenishment: order 2192 units
1377,Urgent replenishment: order 1976 units
2592,Reorder 3435 units
3190,Urgent replenishment: order 3579 units
1124,Urgent replenishment: order 1756 units
3175,Urgent replenishment: order 1940 units
1275,Urgent replenishment: order 2855 units
2454,Urgent replenishment: order 2482 units
2421,Urgent replenishment: order 1533 units
1330,Urgent replenishment: order 2573 units
1653,Urgent replenishment: order 1852 units
1344,Urgent replenishment: order 1663 units
1875,Urgent replenishment: order 2744 units
1042,Urgent replenishment: order 2081 units
2504,Urgent replenishment: order 2388 units
1714,Urgent replenishment: order 1636 units
1363,Urgent replenishment: order 1679 units
2349,Urgent replenishment: order 2395 units
2814,Urgent replenishment: order 1698 units
1371,Urgent replenishment: order 2186 units
3173,Urgent replenishment: order 1921 units
1739,Urgent replenishment: order 1667 units
2333,Reorder 1832 units
2446,Urgent replenishment: order 1602 units
1155,Urgent replenishment: order 2179 units
1841,Urgent replenishment: order 2191 units
1564,Urgent replenishment: order 1679 units
2953,Urgent replenishment: order 2917 units
2821,Urgent replenishment: order 1916 units
1765,Urgent replenishment: order 1879 units
1696,Reorder 2015 units
2447,Urgent replenishment: order 1566 units
2897,Urgent replenishment: order 1700 units
2691,Urgent replenishment: order 1672 units
2157,Urgent replenishment: order 1742 units
1292,Reorder 1571 units
2616,Urgent replenishment: order 1848 units
2979,Urgent replenishment: order 1848 units
1333,Urgent replenishment: order 1776 units
3211,Urgent replenishment: order 1888 units
3039,Urgent replenishment: order 2979 units
1112,Urgent replenishment: order 2502 units
2295,Urgent replenishment: order 2671 units
1628,Urgent replenishment: order 2708 units
3120,Reorder 1893 units
1450,Urgent replenishment: order 1554 units
2552,Urgent replenishment: order 2592 units
1498,Reorder 1606 units
1048,Reorder 2108 units
1346,Urgent replenishment: order 1508 units
1610,Urgent replenishment: order 1759 units
1416,Urgent replenishment: order 1538 units
2929,Urgent replenishment: order 1564 units
1676,Urgent replenishment: order 2403 units
1489,Urgent replenishment: order 2320 units
2296,Reorder 4445 units
1294,Urgent replenishment: order 2531 units
2313,Urgent replenishment: order 1718 units
1964,Reorder 1563 units
1390,Urgent replenishment: order 1931 units
2484,Reorder 3155 units
2619,Urgent replenishment: order 1500 units
2335,Urgent replenishment: order 1490 units
1127,Urgent replenishment: order 1887 units
1164,Urgent replenishment: order 3122 units
1455,Reorder 2484 units
1811,Urgent replenishment: order 1667 units
1323,Urgent replenishment: order 1606 units
1797,Urgent replenishment: order 2899 units
2182,Reorder 2059 units
2597,Urgent replenishment: order 1971 units
1665,Urgent replenishment: order 2047 units
3194,Urgent replenishment: order 2148 units
2886,Reorder 2167 units
2210,Reorder 2245 units
3056,Urgent replenishment: order 1949 units
1100,Urgent replenishment: order 1744 units
1750,Reorder 1534 units
2938,Urgent replenishment: order 1537 units
1877,Urgent replenishment: order 1920 units
3229,Urgent replenishment: order 1505 units
2104,Reorder 3948 units
1046,Reorder 2952 units
2060,Urgent replenishment: order 1863 units
1998,Urgent replenishment: order 1531 units
2009,Urgent replenishment: order 2596 units
1715,Reorder 1801 units
2734,Urgent replenishment: order 1685 units
1729,Urgent replenishment: order 2128 units
1283,Urgent replenishment: order 2726 units
2400,Urgent replenishment: order 1696 units
1324,Urgent replenishment: order 1508 units
3042,Reorder 1910 units
2061,Urgent replenishment: order 2048 units
1644,Urgent replenishment: order 1856 units
1549,Urgent replenishment: order 2064 units
1010,Urgent replenishment: order 2568 units
1511,Urgent replenishment: order 1907 units
1679,Urgent replenishment: order 1558 units
2862,Urgent replenishment: order 1702 units
1905,Urgent replenishment: order 1988 units
1578,Urgent replenishment: order 1623 units
1342,Urgent replenishment: order 2229 units
2783,Urgent replenishment: order 1531 units
1263,Reorder 1573 units
1209,Urgent replenishment: order 1832 units
1274,Urgent replenishment: order 3077 units
2937,Urgent replenishment: order 2449 units
2442,Urgent replenishment: order 1557 units
1864,Reorder 1701 units
1648,Urgent replenishment: order 1517 units
2923,Urgent replenishment: order 2983 units
1491,Urgent replenishment: order 1660 units
1315,Urgent replenishment: order 2109 units
1784,Reorder 2751 units
3000,Urgent replenishment: order 1637 units
2259,Urgent replenishment: order 1777 units
1173,Urgent replenishment: order 1942 units
2202,Urgent replenishment: order 1477 units
1202,Urgent replenishment: order 2677 units
1536,Urgent replenishment: order 2854 units
2000,Reorder 1761 units
2116,Urgent replenishment: order 1460 units
2524,Urgent replenishment: order 2264 units
1429,Urgent replenishment: order 1959 units
2168,Urgent replenishment: order 1455 units
2080,Urgent replenishment: order 1565 units
2545,Urgent replenishment: order 2305 units
2864,Urgent replenishment: order 1707 units
1568,Reorder 2140 units
2087,Urgent replenishment: order 1464 units
1475,Urgent replenishment: order 1798 units
2200,Urgent replenishment: order 1628 units
1868,Urgent replenishment: order 2897 units
2312,Urgent replenishment: order 1809 units
1989,Urgent replenishment: order 1791 units
1668,Reorder 1562 units
2666,Urgent replenishment: order 1864 units
2916,Urgent replenishment: order 4109 units
2227,Reorder 1467 units
2283,Urgent replenishment: order 1763 units
2057,Urgent replenishment: order 1821 units
1159,Reorder 1797 units
2836,Urgent replenishment: order 1526 units
2176,Reorder 3754 units
2073,Urgent replenishment: order 2520 units
2983,Urgent replenishment: order 1862 units
2219,Urgent replenishment: order 2901 units
2750,Urgent replenishment: order 1534 units
1483,Urgent replenishment: order 1763 units
2972,Urgent replenishment: order 2020 units
2827,Urgent replenishment: order 1458 units
2346,Urgent replenishment: order 1651 units
1780,Urgent replenishment: order 1614 units
2006,Reorder 1662 units
2323,Urgent replenishment: order 1602 units
3043,Urgent replenishment: order 1852 units
2832,Reorder 2282 units
1467,Urgent replenishment: order 2254 units
1405,Urgent replenishment: order 2605 units
1176,Urgent replenishment: order 1926 units
2976,Urgent replenishment: order 1525 units
2716,Urgent replenishment: order 2104 units
3152,Reorder 1644 units
2735,Urgent replenishment: order 1747 units
1655,Urgent replenishment: order 2469 units
2554,Urgent replenishment: order 2787 units
2041,Urgent replenishment: order 1640 units
2880,Urgent replenishment: order 3198 units
1404,Reorder 2602 units
1503,Reorder 1620 units
1722,Urgent replenishment: order 1657 units
1701,Reorder 2179 units
1982,Urgent replenishment: order 2407 units
2839,Urgent replenishment: order 2391 units
1656,Urgent replenishment: order 1808 units
1172,Reorder 1793 units
3026,Urgent replenishment: order 2183 units
1113,Urgent replenishment: order 2778 units
1752,Run promotion / clearance
1502,Urgent replenishment: order 1471 units
2471,Urgent replenishment: order 1953 units
2420,Urgent replenishment: order 1490 units
3057,Urgent replenishment: order 1860 units
2380,Urgent replenishment: order 1446 units
1555,Urgent replenishment: order 2561 units
1903,Urgent replenishment: order 1587 units
1432,Urgent replenishment: order 1684 units
1556,Urgent replenishment: order 1860 units
3198,Urgent replenishment: order 2314 units
1711,Urgent replenishment: order 2484 units
3075,Urgent replenishment: order 3037 units
2275,Urgent replenishment: order 1912 units
1277,Urgent replenishment: order 1758 units
2649,Urgent replenishment: order 1658 units
2965,Urgent replenishment: order 1844 units
1133,Urgent replenishment: order 2342 units
3095,Urgent replenishment: order 1762 units
1624,Urgent replenishment: order 2192 units
3131,Urgent replenishment: order 1438 units
1214,Urgent replenishment: order 1845 units
2812,Urgent replenishment: order 1990 units
1881,Urgent replenishment: order 1621 units
1295,Urgent replenishment: order 2471 units
1285,Reorder 1486 units
1879,Urgent replenishment: order 2105 units
1569,Urgent replenishment: order 2283 units
2667,Reorder 1979 units
3155,Urgent replenishment: order 2595 units
1921,Urgent replenishment: order 2282 units
3179,Urgent replenishment: order 2747 units
2685,Urgent replenishment: order 2466 units
2692,Urgent replenishment: order 2029 units
1997,Urgent replenishment: order 3302 units
2774,Urgent replenishment: order 1767 units
2688,Urgent replenishment: order 1483 units
3055,Urgent replenishment: order 3270 units
3023,Urgent replenishment: order 2194 units
2917,Urgent replenishment: order 2589 units
2272,Urgent replenishment: order 1490 units
2100,Urgent replenishment: order 2636 units
2279,Urgent replenishment: order 1589 units
1730,Urgent replenishment: order 1850 units
2460,Urgent replenishment: order 1722 units
2751,Urgent replenishment: order 1553 units
2551,Reorder 1606 units
1050,Urgent replenishment: order 1782 units
2731,Urgent replenishment: order 1528 units
1804,Urgent replenishment: order 1824 units
1361,Urgent replenishment: order 1548 units
2436,Urgent replenishment: order 2877 units
2429,Urgent replenishment: order 1722 units
2155,Urgent replenishment: order 2215 units
2331,Urgent replenishment: order 1869 units
2466,Reorder 2068 units
1038,Urgent replenishment: order 3991 units
1827,Reorder 1532 units
2274,Urgent replenishment: order 1765 units
3183,Reorder 2040 units
1120,Reorder 2806 units
1954,Urgent replenishment: order 1719 units
1614,Urgent replenishment: order 1935 units
2035,Urgent replenishment: order 1804 units
1260,Urgent replenishment: order 1701 units
2566,Reorder 1427 units
3207,Urgent replenishment: order 1620 units
2690,Reorder 1743 units
1423,Urgent replenishment: order 2223 units
3092,Reorder 1678 units
3210,Run promotion / clearance
2764,Urgent replenishment: order 2237 units
2372,Reorder 2740 units
3141,Urgent replenishment: order 1557 units
1726,Urgent replenishment: order 1844 units
2092,Urgent replenishment: order 1607 units
2801,Urgent replenishment: order 2649 units
1748,Reorder 3623 units
1657,Urgent replenishment: order 2061 units
2136,Reorder 1830 units
1716,Reorder 2440 units
2874,Reorder 2953 units
1766,Urgent replenishment: order 2116 units
2745,Urgent replenishment: order 1403 units
2607,Urgent replenishment: order 2169 units
1697,Urgent replenishment: order 2183 units
2547,Urgent replenishment: order 1591 units
3071,Urgent replenishment: order 2015 units
1615,Urgent replenishment: order 2038 units
1226,Reorder 1663 units
3083,Urgent replenishment: order 1962 units
2088,Urgent replenishment: order 2007 units
2824,Urgent replenishment: order 1728 units
1264,Urgent replenishment: order 1384 units
3158,Run promotion / clearance
3014,Urgent replenishment: order 2009 units
1360,Urgent replenishment: order 1592 units
1054,Urgent replenishment: order 2497 units
2957,Reorder 2365 units
1770,Reorder 1992 units
1946,Reorder 1398 units
2663,Reorder 2281 units
2964,Urgent replenishment: order 1634 units
2889,Urgent replenishment: order 2703 units
1441,Urgent replenishment: order 3680 units
1932,Run promotion / clearance
1939,Urgent replenishment: order 2448 units
1720,Urgent replenishment: order 6075 units
1865,Reorder 1867 units
1759,Urgent replenishment: order 1797 units
1134,Urgent replenishment: order 1668 units
1629,Urgent replenishment: order 3173 units
1612,Reorder 1687 units
1513,Urgent replenishment: order 1626 units
1211,Urgent replenishment: order 1822 units
3225,Urgent replenishment: order 2067 units
1675,Urgent replenishment: order 1801 units
2518,Urgent replenishment: order 2490 units
3020,Run promotion / clearance
2078,Urgent replenishment: order 2854 units
2427,Urgent replenishment: order 1483 units
1611,Urgent replenishment: order 2621 units
3145,Urgent replenishment: order 2715 units
1115,Urgent replenishment: order 2215 units
2860,Run promotion / clearance
1635,Urgent replenishment: order 1886 units
2647,Urgent replenishment: order 1939 units
1334,Reorder 2625 units
1664,Urgent replenishment: order 2120 units
2791,Urgent replenishment: order 1512 units
2942,Urgent replenishment: order 1522 units
2430,Urgent replenishment: order 2582 units
1649,Urgent replenishment: order 1563 units
1301,Reorder 1600 units
1175,Reorder 2620 units
2292,Reorder 2703 units
1387,Urgent replenishment: order 1587 units
1444,Urgent replenishment: order 2421 units
1064,Run promotion / clearance
3212,Reorder 2088 units
1041,Urgent replenishment: order 1719 units
1060,Urgent replenishment: order 1445 units
1654,Urgent replenishment: order 2254 units
2203,Reorder 1713 units
1179,Urgent replenishment: order 2441 units
1512,Urgent replenishment: order 1568 units
2848,Urgent replenishment: order 2363 units
2468,Reorder 1681 units
2724,Urgent replenishment: order 2312 units
1074,Reorder 1873 units
2924,Reorder 3162 units
1436,Urgent replenishment: order 2195 units
2243,Urgent replenishment: order 2478 units
2584,Run promotion / clearance
1805,Urgent replenishment: order 1666 units
3138,Urgent replenishment: order 2288 units
1184,Reorder 2446 units
2254,Reorder 1952 units
1061,Urgent replenishment: order 1734 units
2101,Urgent replenishment: order 2558 units
3180,Urgent replenishment: order 1834 units
1092,Run promotion / clearance
1343,Urgent replenishment: order 2372 units
2660,Reorder 2032 units
2670,Urgent replenishment: order 1695 units
1190,Run promotion / clearance
2813,Reorder 2448 units
2064,Urgent replenishment: order 1716 units
1474,Reorder 1987 units
2353,Urgent replenishment: order 1443 units
2347,Reorder 1822 units
1458,Run promotion / clearance
1738,Run promotion / clearance
1717,Urgent replenishment: order 2451 units
1204,Urgent replenishment: order 2604 units
2601,Urgent replenishment: order 1738 units
3132,Urgent replenishment: order 2346 units
1821,Urgent replenishment: order 1902 units
3189,Urgent replenishment: order 2121 units
1259,Urgent replenishment: order 2112 units
1031,Urgent replenishment: order 4363 units
2809,Urgent replenishment: order 1378 units
1819,Urgent replenishment: order 1327 units
1705,Reorder 2177 units
1824,Reorder 2004 units
2040,Reorder 1802 units
2001,Urgent replenishment: order 1735 units
2796,Reorder 1351 units
2811,Urgent replenishment: order 1926 units
1239,Reorder 1990 units
1222,Reorder 1804 units
2523,Urgent replenishment: order 5644 units
1891,Urgent replenishment: order 1789 units
1297,Urgent replenishment: order 2673 units
2418,Urgent replenishment: order 1510 units
2755,Reorder 3419 units
1895,Urgent replenishment: order 2029 units
1700,Reorder 2320 units
1562,Reorder 2426 units
2134,Reorder 2017 units
2230,Urgent replenishment: order 1569 units
1366,Reorder 2518 units
2497,Urgent replenishment: order 1639 units
2055,Urgent replenishment: order 1322 units
2187,Urgent replenishment: order 2059 units
2395,Reorder 2085 units
3100,Urgent replenishment: order 1428 units
1894,Urgent replenishment: order 1697 units
1602,Run promotion / clearance
1290,Urgent replenishment: order 1589 units
1157,Reorder 2187 units
2172,Reorder 2903 units
1400,Urgent replenishment: order 1315 units
1938,Urgent replenishment: order 2551 units
1154,Urgent replenishment: order 2676 units
2359,Urgent replenishment: order 3063 units
2560,Reorder 3615 units
2397,Reorder 1902 units
2501,Urgent replenishment: order 3917 units
2489,Urgent replenishment: order 2353 units
2956,Urgent replenishment: order 2276 units
1256,Reorder 1844 units
1550,Reorder 1588 units
1597,Urgent replenishment: order 1630 units
2207,Urgent replenishment: order 1743 units
1369,Urgent replenishment: order 1641 units
2373,Urgent replenishment: order 2726 units
2702,Reorder 1829 units
1826,Urgent replenishment: order 1828 units
1105,Reorder 1610 units
1985,Urgent replenishment: order 1896 units
2727,Urgent replenishment: order 2125 units
2169,Urgent replenishment: order 1407 units
3143,Urgent replenishment: order 2006 units
2261,Reorder 1395 units
2695,Urgent replenishment: order 1820 units
1672,Reorder 1933 units
1958,Urgent replenishment: order 1333 units
1104,Reorder 1592 units
1853,Urgent replenishment: order 4134 units
2719,Urgent replenishment: order 2299 units
1350,Reorder 2243 units
1917,Reorder 1612 units
2002,Urgent replenishment: order 2151 units
2932,Slow procurement
2258,Reorder 2210 units
2191,Urgent replenishment: order 3700 units
3013,Urgent replenishment: order 1394 units
2268,Urgent replenishment: order 1353 units
1651,Urgent replenishment: order 1886 units
1075,Urgent replenishment: order 2450 units
1392,Reorder 3008 units
1281,Reorder 2412 units
1378,Urgent replenishment: order 2938 units
1925,Urgent replenishment: order 1360 units
2947,Urgent replenishment: order 1398 units
1671,Urgent replenishment: order 1981 units
3085,Urgent replenishment: order 1875 units
1235,Urgent replenishment: order 1729 units
2887,Urgent replenishment: order 2732 units
3110,Urgent replenishment: order 3659 units
2017,Urgent replenishment: order 2366 units
1893,Urgent replenishment: order 1310 units
1884,Reorder 1550 units
2047,Urgent replenishment: order 2011 units
1955,Reorder 1986 units
3136,Urgent replenishment: order 2181 units
1065,Urgent replenishment: order 3280 units
2303,Urgent replenishment: order 1418 units
3156,Urgent replenishment: order 2580 units
3029,Reorder 3148 units
2027,Urgent replenishment: order 3648 units
1081,Reorder 2610 units
1957,Urgent replenishment: order 1916 units
2131,Urgent replenishment: order 1828 units
2671,Urgent replenishment: order 2103 units
3119,Urgent replenishment: order 1757 units
1401,Urgent replenishment: order 1607 units
3053,Urgent replenishment: order 1346 units
2625,Urgent replenishment: order 1291 units
1548,Urgent replenishment: order 2270 units
2950,Urgent replenishment: order 1388 units
2883,Urgent replenishment: order 1488 units
1919,Urgent replenishment: order 1904 units
3182,Urgent replenishment: order 1987 units
1331,Urgent replenishment: order 2961 units
1034,Urgent replenishment: order 1423 units
2967,Urgent replenishment: order 2458 units
2520,Run promotion / clearance
1806,Urgent replenishment: order 2164 units
2968,Reorder 1494 units
3106,Urgent replenishment: order 1619 units
3133,Reorder 2785 units
2177,Urgent replenishment: order 4688 units
2338,Reorder 1601 units
1520,Urgent replenishment: order 3020 units
1926,Reorder 2174 units
1106,Urgent replenishment: order 1588 units
2234,Urgent replenishment: order 1895 units
3139,Urgent replenishment: order 2768 units
1492,Urgent replenishment: order 1635 units
1102,Urgent replenishment: order 1544 units
2540,Urgent replenishment: order 2418 units
1001,Urgent replenishment: order 1597 units
2721,Urgent replenishment: order 1660 units
2730,Reorder 1589 units
1091,Urgent replenishment: order 1542 units
3004,Reorder 1553 units
1630,Run promotion / clearance
2698,Urgent replenishment: order 3005 units
1304,Urgent replenishment: order 2156 units
1095,Urgent replenishment: order 3540 units
1732,Urgent replenishment: order 1365 units
2596,Urgent replenishment: order 1830 units
1114,Urgent replenishment: order 2286 units
1340,Urgent replenishment: order 1888 units
1233,Urgent replenishment: order 1617 units
2490,Run promotion / clearance
2314,Urgent replenishment: order 1384 units
1863,Urgent replenishment: order 1589 units
2763,Urgent replenishment: order 1972 units
1111,Urgent replenishment: order 1573 units
2877,Urgent replenishment: order 1390 units
3140,Urgent replenishment: order 1724 units
2301,Urgent replenishment: order 2736 units
2919,Urgent replenishment: order 2184 units
2086,Reorder 1533 units
2516,Urgent replenishment: order 2354 units
2145,Reorder 2353 units
2622,Reorder 1350 units
3135,Urgent replenishment: order 1753 units
1641,Urgent replenishment: order 1358 units
1243,Urgent replenishment: order 1834 units
2126,Urgent replenishment: order 1444 units
1002,Run promotion / clearance
2083,Urgent replenishment: order 2088 units
1981,Urgent replenishment: order 1714 units
1878,Urgent replenishment: order 2113 units
3048,Urgent replenishment: order 1616 units
2933,Urgent replenishment: order 1307 units
1016,Reorder 2232 units
1885,Urgent replenishment: order 1643 units
1191,Urgent replenishment: order 1874 units
1481,Urgent replenishment: order 1475 units
3216,Slow procurement
2246,Urgent replenishment: order 1429 units
1767,Urgent replenishment: order 2352 units
1896,Urgent replenishment: order 2232 units
1616,Urgent replenishment: order 3843 units
1813,Urgent replenishment: order 3514 units
3105,Reorder 3594 units
1303,Urgent replenishment: order 1372 units
1322,Reorder 1907 units
3163,Urgent replenishment: order 1351 units
2416,Slow procurement
2955,Urgent replenishment: order 2700 units
2499,Urgent replenishment: order 1450 units
1447,Reorder 1293 units
2990,Urgent replenishment: order 2153 units
1977,Urgent replenishment: order 2019 units
1979,Urgent replenishment: order 2037 units
2829,Urgent replenishment: order 1258 units
2896,Run promotion / clearance
1185,Reorder 2470 units
2262,Urgent replenishment: order 2470 units
2635,Urgent replenishment: order 2121 units
1431,Urgent replenishment: order 1614 units
2634,Urgent replenishment: order 2612 units
1724,Urgent replenishment: order 1529 units
2396,Urgent replenishment: order 1879 units
3220,Reorder 1297 units
3060,Reorder 1363 units
1934,Urgent replenishment: order 2474 units
2661,Urgent replenishment: order 1901 units
2371,Urgent replenishment: order 3019 units
1910,Urgent replenishment: order 1554 units
2225,Urgent replenishment: order 1266 units
1053,Urgent replenishment: order 2366 units
2575,Urgent replenishment: order 3186 units
3160,Urgent replenishment: order 1485 units
2678,Reorder 1321 units
1286,Run promotion / clearance
3049,Urgent replenishment: order 1775 units
1484,Reorder 2380 units
2071,Urgent replenishment: order 4264 units
2918,Reorder 2426 units
3124,Urgent replenishment: order 1593 units
1999,Reorder 2191 units
2152,Reorder 2523 units
2971,Urgent replenishment: order 1321 units
1266,Urgent replenishment: order 2441 units
1505,Urgent replenishment: order 2413 units
2830,Urgent replenishment: order 2931 units
3117,Urgent replenishment: order 2090 units
2479,Urgent replenishment: order 2583 units
1848,Urgent replenishment: order 1464 units
2506,Urgent replenishment: order 1326 units
1218,Urgent replenishment: order 2435 units
2684,Slow procurement
2188,Urgent replenishment: order 2010 units
2138,Urgent replenishment: order 1591 units
1666,Urgent replenishment: order 2213 units
1379,Urgent replenishment: order 3631 units
1553,Urgent replenishment: order 3160 units
1775,Urgent replenishment: order 1275 units
1712,Reorder 1617 units
1599,Urgent replenishment: order 1796 units
2289,Urgent replenishment: order 1851 units
2032,Urgent replenishment: order 1611 units
1320,Urgent replenishment: order 3138 units
2617,Reorder 2189 units
2859,Urgent replenishment: order 1601 units
1801,Reorder 3289 units
1761,Urgent replenishment: order 2041 units
1443,Reorder 2261 units
2561,Urgent replenishment: order 3709 units
2411,Urgent replenishment: order 2013 units
1986,Slow procurement
1736,Urgent replenishment: order 1608 units
2423,Urgent replenishment: order 1721 units
1251,Reorder 2234 units
1823,Urgent replenishment: order 1774 units
2789,Urgent replenishment: order 1559 units
2640,Urgent replenishment: order 1620 units
2767,Urgent replenishment: order 2330 units
2183,Urgent replenishment: order 2409 units
1967,Urgent replenishment: order 3150 units
2115,Urgent replenishment: order 2237 units
1339,Urgent replenishment: order 1263 units
3091,Urgent replenishment: order 3079 units
2543,Reorder 1969 units
2519,Urgent replenishment: order 2345 units
2007,Urgent replenishment: order 2183 units
2345,Reorder 1209 units
1136,Urgent replenishment: order 1875 units
2330,Urgent replenishment: order 2389 units
2693,Reorder 2651 units
1225,Reorder 3217 units
2386,Urgent replenishment: order 1991 units
1493,Urgent replenishment: order 1872 units
1904,Urgent replenishment: order 2347 units
2213,Reorder 1365 units
1501,Urgent replenishment: order 1750 units
2966,Slow procurement
1787,Urgent replenishment: order 1675 units
2162,Urgent replenishment: order 1391 units
1876,Urgent replenishment: order 2053 units
1984,Slow procurement
2343,Urgent replenishment: order 1944 units
2160,Reorder 1918 units
2669,Reorder 1591 units
2222,Reorder 1240 units
2107,Reorder 1304 units
2847,Urgent replenishment: order 2031 units
1236,Urgent replenishment: order 1716 units
1359,Urgent replenishment: order 1547 units
2457,Urgent replenishment: order 2350 units
2865,Urgent replenishment: order 2573 units
1125,Reorder 1963 units
3008,Urgent replenishment: order 1476 units
1707,Urgent replenishment: order 1942 units
2474,Urgent replenishment: order 1219 units
1931,Urgent replenishment: order 1637 units
1534,Urgent replenishment: order 1926 units
2944,Urgent replenishment: order 2693 units
3153,Reorder 2017 units
2970,Urgent replenishment: order 1410 units
2766,Urgent replenishment: order 2156 units
2881,Reorder 3520 units
2011,Urgent replenishment: order 1454 units
2379,Urgent replenishment: order 2029 units
1004,Urgent replenishment: order 2436 units
2056,Slow procurement
1370,Run promotion / clearance
2867,Urgent replenishment: order 1514 units
2548,Reorder 2182 units
2045,Urgent replenishment: order 4987 units
2419,Reorder 2245 units
1745,Reorder 2782 units
1719,Urgent replenishment: order 1856 units
3144,Urgent replenishment: order 2779 units
1674,Urgent replenishment: order 1798 units
2705,Urgent replenishment: order 1356 units
3114,Run promotion / clearance
2422,Urgent replenishment: order 1876 units
2521,Reorder 1597 units
2332,Reorder 2450 units
2974,Run promotion / clearance
1781,Urgent replenishment: order 1756 units
3151,Urgent replenishment: order 3042 units
3184,Urgent replenishment: order 1761 units
1448,Run promotion / clearance
2076,Reorder 1594 units
2588,Reorder 1349 units
3205,Reorder 1445 units
2936,Urgent replenishment: order 2715 units
1922,Urgent replenishment: order 2355 units
2723,Urgent replenishment: order 1552 units
1052,Urgent replenishment: order 2761 units
1871,Urgent replenishment: order 4199 units
2043,Reorder 2709 units
2590,Urgent replenishment: order 1542 units
1794,Urgent replenishment: order 2408 units
1640,Run promotion / clearance
2231,Urgent replenishment: order 1546 units
3150,Urgent replenishment: order 2972 units
2417,Reorder 2370 units
2722,Urgent replenishment: order 1706 units
2992,Run promotion / clearance
2467,Urgent replenishment: order 2624 units
1594,Reorder 3016 units
1571,Urgent replenishment: order 2467 units
2178,Run promotion / clearance
3130,Reorder 1566 units
2355,Reorder 2137 units
1678,Urgent replenishment: order 2046 units
1187,Urgent replenishment: order 2639 units
1280,Reorder 3350 units
2781,Urgent replenishment: order 2883 units
1406,Slow procurement
1107,Urgent replenishment: order 1664 units
1540,Slow procurement
2433,Urgent replenishment: order 1922 units
2514,Run promotion / clearance
2144,Run promotion / clearance
1728,Reorder 2154 units
2334,Reorder 1998 units
3098,Urgent replenishment: order 1493 units
2276,Reorder 1679 units
2901,Urgent replenishment: order 2011 units
2736,Run promotion / clearance
3010,Urgent replenishment: order 2119 units
2066,Reorder 1241 units
3064,Run promotion / clearance
1882,Reorder 2303 units
2740,Reorder 2379 units
1972,Urgent replenishment: order 2188 units
1402,Urgent replenishment: order 2977 units
2645,Urgent replenishment: order 3173 units
3226,Urgent replenishment: order 1300 units
1158,Urgent replenishment: order 2083 units
2704,Urgent replenishment: order 1245 units
3188,Urgent replenishment: order 2240 units
2273,Reorder 1630 units
3069,Urgent replenishment: order 2418 units
1244,Reorder 1732 units
2111,Urgent replenishment: order 3733 units
2368,Urgent replenishment: order 1189 units
3126,Urgent replenishment: order 3055 units
1818,Urgent replenishment: order 1644 units
3047,Urgent replenishment: order 1986 units
2464,Run promotion / clearance
1472,Urgent replenishment: order 2350 units
1808,Urgent replenishment: order 2547 units
2711,Urgent replenishment: order 2195 units
2496,Reorder 1920 units
3227,Urgent replenishment: order 1219 units
2175,Urgent replenishment: order 2831 units
1227,Urgent replenishment: order 1844 units
1774,Urgent replenishment: order 1329 units
1329,Urgent replenishment: order 1911 units
3167,Urgent replenishment: order 1331 units
1415,Urgent replenishment: order 1613 units
1468,Urgent replenishment: order 4359 units
1462,Urgent replenishment: order 1478 units
1978,Reorder 2757 units
2277,Urgent replenishment: order 1433 units
1639,Urgent replenishment: order 1197 units
3030,Urgent replenishment: order 1900 units
1598,Urgent replenishment: order 1716 units
1276,Urgent replenishment: order 2192 units
2857,Reorder 1826 units
2598,Reorder 1323 units
2900,Run promotion / clearance
1854,Reorder 3177 units
1189,Reorder 3071 units
2476,Reorder 2103 units
2513,Reorder 2867 units
2093,Urgent replenishment: order 2511 units
2383,Urgent replenishment: order 1252 units
1246,Urgent replenishment: order 1455 units
2438,Reorder 2940 units
2790,Urgent replenishment: order 1817 units
2603,Urgent replenishment: order 2953 units
1471,Reorder 1379 units
2718,Urgent replenishment: order 2411 units
2310,Reorder 1988 units
2004,Slow procurement
1470,Urgent replenishment: order 1482 units
1713,Urgent replenishment: order 1441 units
1083,Urgent replenishment: order 1334 units
3041,Urgent replenishment: order 1253 units
2658,Urgent replenishment: order 1323 units
1642,Urgent replenishment: order 1302 units
2620,Reorder 3343 units
2042,Urgent replenishment: order 2393 units
1452,Run promotion / clearance
1003,Urgent replenishment: order 2282 units
2322,Urgent replenishment: order 1898 units
2325,Urgent replenishment: order 4206 units
1965,Urgent replenishment: order 1794 units
1916,Run promotion / clearance
2873,Urgent replenishment: order 1190 units
1731,Reorder 2365 units
2903,Urgent replenishment: order 3489 units
1963,Reorder 3821 units
1607,Urgent replenishment: order 1998 units
2828,Reorder 1722 units
2752,Run promotion / clearance
3200,Urgent replenishment: order 2622 units
3101,Urgent replenishment: order 1603 units
1533,Reorder 3151 units
2117,Reorder 1791 units
1581,Urgent replenishment: order 1317 units
2426,Urgent replenishment: order 1590 units
2505,Urgent replenishment: order 3519 units
1560,Reorder 1922 units
1499,Urgent replenishment: order 2321 units
2127,Urgent replenishment: order 1664 units
3003,Urgent replenishment: order 2182 units
1020,Reorder 2030 units
2065,Urgent replenishment: order 2493 units
1269,Urgent replenishment: order 1772 units
2567,Urgent replenishment: order 1738 units
1473,Urgent replenishment: order 2146 units
2653,Urgent replenishment: order 1752 units
2140,Urgent replenishment: order 1249 units
3118,Urgent replenishment: order 1888 units
2022,Reorder 1265 units
1583,Reorder 7625 units
2898,Reorder 1442 units
1018,Urgent replenishment: order 1303 units
2577,Urgent replenishment: order 1360 units
2290,Run promotion / clearance
2201,Reorder 2103 units
1930,Run promotion / clearance
2399,Urgent replenishment: order 3014 units
1971,Urgent replenishment: order 2330 units
1756,Urgent replenishment: order 1455 units
1887,Urgent replenishment: order 4077 units
2139,Reorder 1898 units
2742,Run promotion / clearance
1027,Reorder 1318 units
1980,Slow procurement
2991,Urgent replenishment: order 2240 units
1043,Run promotion / clearance
2302,Reorder 1519 units
1079,Urgent replenishment: order 1575 units
1288,Urgent replenishment: order 1880 units
1942,Urgent replenishment: order 1199 units
1317,Urgent replenishment: order 1466 units
2206,Reorder 1965 units
2717,Reorder 2510 units
1733,Reorder 1387 units
2235,Urgent replenishment: order 2693 units
2951,Urgent replenishment: order 1708 units
1741,Urgent replenishment: order 1404 units
2326,Run promotion / clearance
2412,Urgent replenishment: order 3403 units
1365,Reorder 1947 units
1394,Reorder 1477 units
1141,Urgent replenishment: order 3774 units
1687,Urgent replenishment: order 1738 units
2981,Urgent replenishment: order 1669 units
2425,Urgent replenishment: order 1324 units
1267,Urgent replenishment: order 2673 units
2894,Reorder 5006 units
2415,Reorder 1369 units
1337,Urgent replenishment: order 2865 units
2403,Urgent replenishment: order 2818 units
1849,Urgent replenishment: order 1706 units
1268,Reorder 1689 units
1131,Reorder 1836 units
2546,Reorder 1528 units
1254,Urgent replenishment: order 1581 units
1779,Urgent replenishment: order 1268 units
2316,Urgent replenishment: order 1484 units
1395,Urgent replenishment: order 1236 units
2785,Urgent replenishment: order 3444 units
1742,Urgent replenishment: order 1634 units
2414,Reorder 1748 units
1791,Reorder 2154 units
2195,Urgent replenishment: order 1632 units
1419,Urgent replenishment: order 1973 units
2282,Urgent replenishment: order 2407 units
2298,Urgent replenishment: order 1896 units
1316,Urgent replenishment: order 1443 units
1914,Reorder 1726 units
2409,Reorder 3080 units
2074,Reorder 2096 units
1530,Urgent replenishment: order 1707 units
1749,Urgent replenishment: order 4539 units
2049,Reorder 5287 units
1788,Reorder 1844 units
2267,Reorder 2507 units
2675,Urgent replenishment: order 1105 units
1374,Reorder 1213 units
2778,Slow procurement
3058,Urgent replenishment: order 2392 units
1740,Reorder 1302 units
1367,Urgent replenishment: order 2828 units
1479,Urgent replenishment: order 5485 units
1689,Urgent replenishment: order 1349 units
2758,Run promotion / clearance
3006,Urgent replenishment: order 2213 units
3062,Slow procurement
1764,Slow procurement
1078,Urgent replenishment: order 1783 units
3065,Urgent replenishment: order 1941 units
1613,Urgent replenishment: order 2427 units
2987,Reorder 3731 units
1153,Reorder 2971 units
1659,Urgent replenishment: order 3021 units
2980,Reorder 1567 units
2287,Reorder 3488 units
2834,Reorder 2309 units
1776,Slow procurement
1307,Reorder 1806 units
2209,Urgent replenishment: order 1118 units
2337,Urgent replenishment: order 2951 units
2915,Urgent replenishment: order 1914 units
1638,Run promotion / clearance
1200,Reorder 2519 units
2646,Urgent replenishment: order 2642 units
1151,Reorder 3061 units
2854,Reorder 5497 units
1234,Urgent replenishment: order 1987 units
1221,Reorder 2111 units
2241,Urgent replenishment: order 1349 units
2305,Urgent replenishment: order 1529 units
1196,Urgent replenishment: order 2637 units
3011,Urgent replenishment: order 2377 units
1192,Reorder 1663 units
2050,Urgent replenishment: order 1931 units
2450,Slow procurement
2564,Run promotion / clearance
2605,Reorder 1192 units
2733,Urgent replenishment: order 1222 units
1062,Urgent replenishment: order 2505 units
3196,Slow procurement
2807,Reorder 2015 units
2664,Urgent replenishment: order 1871 units
3017,Urgent replenishment: order 1423 units
2364,Run promotion / clearance
2161,Urgent replenishment: order 1951 units
2747,Urgent replenishment: order 2441 units
2378,Run promotion / clearance
1621,Urgent replenishment: order 2014 units
2624,Reorder 1785 units
2858,Reorder 1870 units
1033,Reorder 1782 units
2802,Urgent replenishment: order 2098 units
2105,Reorder 4069 units
1130,Slow procurement
1289,Urgent replenishment: order 2025 units
1420,Reorder 1139 units
1096,Urgent replenishment: order 3383 units
2304,Reorder 1638 units
1198,Reorder 2624 units
1632,Urgent replenishment: order 2163 units
2851,Urgent replenishment: order 3252 units
1205,Reorder 3135 units
1073,Urgent replenishment: order 4905 units
2137,Reorder 2475 units
3122,Reorder 1696 units
2973,Reorder 2604 units
3059,Urgent replenishment: order 2288 units
2461,Reorder 2778 units
1057,Reorder 4436 units
2306,Run promotion / clearance
1596,Slow procurement
2921,Urgent replenishment: order 1812 units
2352,Slow procurement
1231,Reorder 1212 units
2985,Urgent replenishment: order 1295 units
2863,Urgent replenishment: order 2428 units
2459,Reorder 1865 units
2672,Slow procurement
3009,Urgent replenishment: order 1574 units
2339,Reorder 2255 units
3061,Urgent replenishment: order 1739 units
2904,Reorder 2639 units
2406,Run promotion / clearance
1650,Reorder 1945 units
1506,Run promotion / clearance
2679,Urgent replenishment: order 1865 units
2820,Reorder 2759 units
1457,Urgent replenishment: order 1564 units
2023,Urgent replenishment: order 1224 units
2270,Urgent replenishment: order 2425 units
2340,Run promotion / clearance
1973,Reorder 1991 units
3134,Reorder 2111 units
2753,Reorder 2306 units
2668,Run promotion / clearance
2016,Urgent replenishment: order 2356 units
2655,Urgent replenishment: order 3396 units
1538,Run promotion / clearance
2941,Urgent replenishment: order 3198 units
2251,Urgent replenishment: order 2214 units
1769,Urgent replenishment: order 2375 units
1476,Slow procurement
1951,Reorder 2782 units
1071,Run promotion / clearance
3224,Run promotion / clearance
3186,Slow procurement
1691,Urgent replenishment: order 1276 units
1690,Reorder 1042 units
1956,Urgent replenishment: order 2257 units
3076,Reorder 2011 units
2759,Reorder 1668 units
1836,Reorder 1255 units
2569,Urgent replenishment: order 1051 units
1929,Urgent replenishment: order 1671 units
1952,Reorder 1589 units
1318,Urgent replenishment: order 1097 units
1434,Urgent replenishment: order 2110 units
2252,Urgent replenishment: order 6227 units
2534,Urgent replenishment: order 1239 units
2154,Urgent replenishment: order 2757 units
2362,Slow procurement
2068,Reorder 2575 units
2402,Reorder 2799 units
2130,Urgent replenishment: order 2209 units
1332,Reorder 2722 units
1832,Urgent replenishment: order 2030 units
2565,Urgent replenishment: order 2019 units
1148,Reorder 1223 units
2307,Run promotion / clearance
2677,Reorder 2154 units
1746,Reorder 1773 units
3192,Urgent replenishment: order 2876 units
2046,Reorder 3255 units
1575,Urgent replenishment: order 2344 units
2384,Urgent replenishment: order 2289 units
1892,Slow procurement
1066,Urgent replenishment: order 1116 units
1684,Urgent replenishment: order 4046 units
1090,Reorder 2080 units
2448,Urgent replenishment: order 1334 units
1734,Run promotion / clearance
2576,Reorder 1719 units
3068,Urgent replenishment: order 2569 units
2732,Urgent replenishment: order 1396 units
1991,Urgent replenishment: order 1711 units
1237,Urgent replenishment: order 2082 units
2151,Urgent replenishment: order 1834 units
2443,Urgent replenishment: order 2081 units
3046,Urgent replenishment: order 2005 units
2728,Reorder 2036 units
1139,Urgent replenishment: order 2060 units
1927,Urgent replenishment: order 2734 units
2085,Urgent replenishment: order 1184 units
1313,Urgent replenishment: order 2869 units
3082,Slow procurement
1889,Urgent replenishment: order 2951 units
2585,Urgent replenishment: order 2628 units
2248,Reorder 2572 units
2028,Urgent replenishment: order 1658 units
2494,Slow procurement
1207,Urgent replenishment: order 1036 units
1162,Reorder 2147 units
1215,Reorder 2921 units
1163,Reorder 2165 units
1206,Run promotion / clearance
2838,Slow procurement
2194,Reorder 1753 units
2913,Urgent replenishment: order 1255 units
2697,Urgent replenishment: order 4279 units
1523,Urgent replenishment: order 1189 units
1643,Urgent replenishment: order 1881 units
1970,Slow procurement
2931,Reorder 1878 units
1284,Slow procurement
2507,Urgent replenishment: order 1883 units
3187,Urgent replenishment: order 3004 units
2846,Slow procurement
2586,Urgent replenishment: order 1185 units
2317,Urgent replenishment: order 1579 units
1399,Urgent replenishment: order 2628 units
2498,Slow procurement
1906,Slow procurement
2391,Urgent replenishment: order 1722 units
2594,Reorder 1358 units
2568,Run promotion / clearance
1680,Reorder 1321 units
1319,Urgent replenishment: order 1254 units
2856,Reorder 2271 units
2099,Run promotion / clearance
1519,Urgent replenishment: order 1560 units
2541,Run promotion / clearance
1093,Reorder 2206 units
1504,Slow procurement
1928,Urgent replenishment: order 2075 units
3123,Reorder 1523 units
2477,Urgent replenishment: order 2172 units
2599,Reorder 1339 units
2674,Reorder 1324 units
1551,Urgent replenishment: order 2169 units
1795,Urgent replenishment: order 2705 units
2643,Urgent replenishment: order 1553 units
1270,Reorder 2701 units
2914,Urgent replenishment: order 2494 units
1593,Urgent replenishment: order 1002 units
3223,Reorder 2046 units
1625,Urgent replenishment: order 3187 units
2799,Urgent replenishment: order 1727 units
1188,Urgent replenishment: order 3123 units
2229,Urgent replenishment: order 2738 units
2861,Reorder 2678 units
3072,Reorder 2122 units
3044,Slow procurement
2884,Slow procurement
1993,Urgent replenishment: order 2006 units
2852,Urgent replenishment: order 1927 units
2788,Reorder 1868 units
1183,Reorder 1347 units
1265,Urgent replenishment: order 1572 units
1686,Urgent replenishment: order 2096 units
1944,Reorder 4514 units
1353,Reorder 1989 units
1181,Urgent replenishment: order 4130 units
1547,Urgent replenishment: order 1542 units
1028,Slow procurement
2555,Urgent replenishment: order 3955 units
1846,Run promotion / clearance
2984,Urgent replenishment: order 1444 units
2710,Slow procurement
2926,Urgent replenishment: order 2299 units
1311,Urgent replenishment: order 1377 units
1617,Run promotion / clearance
1940,Reorder 1345 units
1840,Slow procurement
1620,Slow procurement
1300,Urgent replenishment: order 2272 units
2186,Reorder 4238 units
1645,Urgent replenishment: order 2450 units
2495,Urgent replenishment: order 1976 units
2817,Reorder 2957 units
2761,Reorder 2059 units
2977,Urgent replenishment: order 2360 units
1709,Reorder 1856 units
2164,Slow procurement
3204,Urgent replenishment: order 1890 units
2067,Urgent replenishment: order 1419 units
1117,Urgent replenishment: order 4281 units
1029,Urgent replenishment: order 1925 units
1708,Urgent replenishment: order 1816 units
2247,Run promotion / clearance
1988,Slow procurement
2891,Urgent replenishment: order 2986 units
1913,Reorder 972 units
1341,Reorder 2651 units
1310,Urgent replenishment: order 1366 units
3177,Reorder 1791 units
1293,Reorder 2394 units
2113,Urgent replenishment: order 2630 units
1262,Reorder 2585 units
1356,Urgent replenishment: order 4028 units
1497,Urgent replenishment: order 2179 units
3015,Urgent replenishment: order 2459 units
3218,Urgent replenishment: order 2665 units
1373,Urgent replenishment: order 2176 units
1527,Reorder 4161 units
2665,Urgent replenishment: order 2080 units
1069,Urgent replenishment: order 1816 units
2608,Reorder 3038 units
3159,Urgent replenishment: order 2370 units
2810,Slow procurement
2431,Reorder 3560 units
2920,Urgent replenishment: order 2094 units
1228,Run promotion / clearance
2062,Slow procurement
1241,Urgent replenishment: order 1515 units
1918,Slow procurement
3073,Urgent replenishment: order 2312 units
1987,Reorder 2456 units
3002,Reorder 2068 units
2428,Reorder 2771 units
1633,Urgent replenishment: order 2140 units
1915,Urgent replenishment: order 1838 units
1247,Run promotion / clearance
3146,Reorder 3646 units
1487,Reorder 1632 units
1627,Urgent replenishment: order 2185 units
2478,Reorder 3070 units
2819,Reorder 2580 units
3077,Reorder 1892 units
1372,Reorder 2005 units
3199,Urgent replenishment: order 3754 units
2503,Reorder 2404 units
2654,Urgent replenishment: order 3906 units
1208,Urgent replenishment: order 2789 units
1022,Slow procurement
2173,Urgent replenishment: order 3630 units
2875,Urgent replenishment: order 4501 units
2544,Slow procurement
2223,Urgent replenishment: order 1358 units
2051,Urgent replenishment: order 2181 units
3051,Slow procurement
2192,Slow procurement
2872,Run promotion / clearance
1563,Urgent replenishment: order 3558 units
2770,Slow procurement
1537,Run promotion / clearance
2090,Reorder 1684 units
2058,Reorder 1925 units
1449,Urgent replenishment: order 2604 units
2773,Urgent replenishment: order 2041 units
3088,Urgent replenishment: order 2478 units
2212,Urgent replenishment: order 1801 units
1308,Slow procurement
2369,Urgent replenishment: order 1380 units
1138,Slow procurement
2925,Slow procurement
2240,Reorder 1660 units
1122,Slow procurement
1626,Reorder 2282 units
3215,Run promotion / clearance
2837,Reorder 2461 units
1216,Slow procurement
2906,Urgent replenishment: order 2514 units
1193,Urgent replenishment: order 2168 units
1345,Reorder 2783 units
2771,Urgent replenishment: order 2094 units
2472,Slow procurement
2363,Urgent replenishment: order 3274 units
1258,Slow procurement
1389,Reorder 3884 units
1737,Urgent replenishment: order 2291 units
1421,Urgent replenishment: order 1265 units
2760,Urgent replenishment: order 2051 units
2840,Urgent replenishment: order 1897 units
1953,Run promotion / clearance
2798,Reorder 1723 units
2311,Urgent replenishment: order 2214 units
2114,Urgent replenishment: order 3325 units
1518,Urgent replenishment: order 1732 units
2940,Urgent replenishment: order 3701 units
3193,Reorder 3075 units
1099,Urgent replenishment: order 4063 units
2639,Urgent replenishment: order 2641 units
1482,Urgent replenishment: order 2804 units
2574,Slow procurement
3228,Slow procurement
2318,Urgent replenishment: order 1800 units
2642,Urgent replenishment: order 1806 units
2163,Urgent replenishment: order 1569 units
1210,Slow procurement
1606,Reorder 2323 units
2482,Slow procurement
1182,Slow procurement
2150,Reorder 2094 units
2281,Reorder 1184 units
2510,Reorder 2261 units
1298,Reorder 2540 units
1021,Reorder 2092 units
1830,Run promotion / clearance
1485,Urgent replenishment: order 2933 units
2112,Slow procurement
2803,Urgent replenishment: order 2719 units
1398,Reorder 2564 units
1969,Urgent replenishment: order 6831 units
2905,Urgent replenishment: order 2816 units
1166,Urgent replenishment: order 2322 units
3174,Slow procurement
1026,Slow procurement
1565,Reorder 2887 units
1521,Run promotion / clearance
3025,Urgent replenishment: order 1715 units
3185,Urgent replenishment: order 2496 units
2351,Reorder 1985 units
3052,Reorder 2112 units
1424,Run promotion / clearance
2238,Slow procurement
2816,Reorder 2889 units
1747,Slow procurement
1352,Urgent replenishment: order 2431 units
3181,Slow procurement
2794,Urgent replenishment: order 1684 units
1383,Urgent replenishment: order 2824 units
1362,Slow procurement
1314,Reorder 2800 units
1076,Urgent replenishment: order 2247 units
2526,Urgent replenishment: order 2305 units
2387,Urgent replenishment: order 2269 units
2988,Slow procurement
3016,Urgent replenishment: order 1883 units
1856,Slow procurement
1799,Reorder 1776 units
1695,Run promotion / clearance
1407,Run promotion / clearance
1223,Run promotion / clearance
1532,Urgent replenishment: order 3677 units
2184,Reorder 1844 units
2280,Run promotion / clearance
1418,Reorder 2405 units
2890,Reorder 3299 units
1637,Reorder 2395 units
1623,Urgent replenishment: order 1849 units
2562,Urgent replenishment: order 2719 units
2871,Urgent replenishment: order 3061 units
1101,Slow procurement
3161,Reorder 2752 units
3219,Run promotion / clearance
1495,Urgent replenishment: order 1861 units
1631,Slow procurement
1461,Urgent replenishment: order 3863 units
1077,Slow procurement
1135,Urgent replenishment: order 2345 units
1647,Urgent replenishment: order 1501 units
2958,Run promotion / clearance
3109,Urgent replenishment: order 2460 units
2394,Urgent replenishment: order 2962 units
1831,Urgent replenishment: order 2756 units
2600,Urgent replenishment: order 2353 units
3070,Reorder 3224 units
2059,Urgent replenishment: order 2302 units
2792,Urgent replenishment: order 2133 units
1250,Slow procurement
1908,Urgent replenishment: order 2002 units
2013,Urgent replenishment: order 2274 units
1902,Urgent replenishment: order 2934 units
1990,Reorder 2127 units
3078,Run promotion / clearance
2949,Reorder 2236 units
3125,Urgent replenishment: order 2641 units
1118,Urgent replenishment: order 2705 units
1168,Reorder 2164 units
1463,Urgent replenishment: order 1818 units
1718,Urgent replenishment: order 2772 units
2849,Slow procurement
2772,Urgent replenishment: order 2026 units
2533,Urgent replenishment: order 3220 units
1466,Reorder 3478 units
1238,Urgent replenishment: order 2291 units
2434,Maintain stock
2091,Urgent replenishment: order 1715 units
2167,Urgent replenishment: order 1878 units
1636,Slow procurement
1660,Urgent replenishment: order 3320 units
2315,Reorder 2326 units
1945,Run promotion / clearance
2158,Urgent replenishment: order 1925 units
2401,Urgent replenishment: order 2704 units
1044,Slow procurement
2644,Slow procurement
1321,Urgent replenishment: order 4347 units
2228,Urgent replenishment: order 3580 units
1924,Reorder 2645 units
1959,Reorder 1812 units
1230,Slow procurement
1898,Slow procurement
1688,Urgent replenishment: order 1701 units
1305,Urgent replenishment: order 3763 units
2367,Urgent replenishment: order 1680 units
1663,Slow procurement
2591,Urgent replenishment: order 2072 units
2103,Slow procurement
2224,Reorder 1791 units
2739,Urgent replenishment: order 3008 units
3203,Urgent replenishment: order 2110 units
1110,Reorder 2433 units
1186,Slow procurement
1306,Slow procurement
1385,Urgent replenishment: order 4017 units
1508,Urgent replenishment: order 2481 units
3108,Slow procurement
1397,Urgent replenishment: order 3044 units
1019,Reorder 1667 units
2962,Urgent replenishment: order 3682 units
1509,Slow procurement
1652,Run promotion / clearance
2354,Urgent replenishment: order 2831 units
2026,Slow procurement
1439,Slow procurement
1143,Urgent replenishment: order 1796 units
1217,Slow procurement
2502,Reorder 2726 units
2939,Urgent replenishment: order 2916 units
1798,Slow procurement
2928,Run promotion / clearance
1291,Urgent replenishment: order 2440 units
3129,Urgent replenishment: order 2133 units
1760,Slow procurement
3208,Urgent replenishment: order 2667 units
1646,Urgent replenishment: order 1603 units
3081,Urgent replenishment: order 4522 units
1325,Slow procurement
2321,Reorder 2377 units
1326,Reorder 2636 units
2578,Slow procurement
1411,Reorder 2686 units
2793,Run promotion / clearance
2381,Urgent replenishment: order 2307 units
2260,Slow procurement
1195,Reorder 4607 units
3162,Slow procurement
1051,Run promotion / clearance
2033,Urgent replenishment: order 2135 units
2094,Reorder 2067 units
1349,Run promotion / clearance
2264,Urgent replenishment: order 2586 units
1546,Maintain stock
2945,Slow procurement
2606,Slow procurement
2632,Reorder 4506 units
2536,Slow procurement
1391,Urgent replenishment: order 3116 units
1634,Slow procurement
2385,Slow procurement
3007,Urgent replenishment: order 3420 units
2694,Urgent replenishment: order 3307 units
2458,Urgent replenishment: order 2399 units
2250,Slow procurement
3032,Slow procurement
2910,Slow procurement
2030,Urgent replenishment: order 1494 units
1782,Slow procurement
2662,Urgent replenishment: order 3018 units
2319,Urgent replenishment: order 1758 units
2888,Run promotion / clearance
2358,Reorder 4169 units
3040,Slow procurement
2075,Urgent replenishment: order 3252 units
2486,Run promotion / clearance
2804,Slow procurement
1480,Maintain stock
2879,Reorder 4189 units
2122,Slow procurement
3037,Urgent replenishment: order 5838 units
2010,Urgent replenishment: order 2334 units
1312,Slow procurement
1768,Reorder 3539 units
1067,Urgent replenishment: order 1833 units
2611,Urgent replenishment: order 3472 units
2029,Run promotion / clearance
3102,Reorder 3113 units
3213,Urgent replenishment: order 3875 units
1587,Reorder 4201 units
2390,Slow procurement
1943,Urgent replenishment: order 1499 units
2550,Slow procurement
1923,Slow procurement
2488,Urgent replenishment: order 3978 units
2480,Slow procurement
3050,Slow procurement
1272,Slow procurement
2703,Slow procurement
1757,Urgent replenishment: order 1766 units
2453,Urgent replenishment: order 2445 units
2934,Slow procurement
2571,Urgent replenishment: order 1840 units
2580,Slow procurement
2159,Reorder 1920 units
2475,Urgent replenishment: order 2106 units
1017,Reorder 3635 units
2935,Urgent replenishment: order 3161 units
1486,Reorder 1943 units
1177,Run promotion / clearance
3093,Urgent replenishment: order 2794 units
2800,Urgent replenishment: order 5178 units
1156,Urgent replenishment: order 3662 units
2628,Reorder 1730 units
2907,Reorder 3176 units
2366,Slow procurement
1961,Reorder 1659 units
1883,Urgent replenishment: order 3245 units
1348,Urgent replenishment: order 2947 units
3031,Reorder 2991 units
2744,Maintain stock
1132,Urgent replenishment: order 4284 units
1040,Run promotion / clearance
1869,Run promotion / clearance
2444,Run promotion / clearance
2775,Urgent replenishment: order 3554 units
3170,Urgent replenishment: order 6505 units
1442,Urgent replenishment: order 3518 units
2511,Urgent replenishment: order 2514 units
3115,Urgent replenishment: order 2710 units
2818,Slow procurement
2284,Slow procurement
1507,Urgent replenishment: order 2369 units
2609,Urgent replenishment: order 3598 units
1743,Urgent replenishment: order 2228 units
2659,Urgent replenishment: order 2321 units
2593,Slow procurement
1412,Maintain stock
2021,Reorder 4639 units
1807,Urgent replenishment: order 3840 units
1677,Run promotion / clearance
2089,Urgent replenishment: order 3359 units
1950,Maintain stock
2123,Urgent replenishment: order 2379 units
1704,Urgent replenishment: order 3500 units
1907,Run promotion / clearance
2737,Reorder 4015 units
2455,Reorder 4776 units
2404,Urgent replenishment: order 2924 units
1783,Slow procurement
2012,Urgent replenishment: order 2355 units
1886,Reorder 5159 units
2141,Urgent replenishment: order 1864 units
2185,Urgent replenishment: order 2001 units
2835,Reorder 3339 units
2833,Slow procurement
1123,Run promotion / clearance
2537,Slow procurement
1699,Reorder 4055 units
2952,Slow procurement
2424,Reorder 2256 units
1494,Slow procurement
3099,Reorder 2309 units
2708,Run promotion / clearance
1778,Urgent replenishment: order 2173 units
2786,Slow procurement
3094,Urgent replenishment: order 3003 units
1703,Slow procurement
2356,Slow procurement
2853,Urgent replenishment: order 3017 units
1941,Urgent replenishment: order 1593 units
2473,Slow procurement
1167,Urgent replenishment: order 2937 units
2615,Urgent replenishment: order 2888 units
1328,Urgent replenishment: order 3239 units
1603,Slow procurement
2776,Slow procurement
1937,Urgent replenishment: order 3145 units
2899,Reorder 1805 units
2850,Slow procurement
2638,Maintain stock
1847,Slow procurement
2676,Urgent replenishment: order 3108 units
1142,Urgent replenishment: order 2086 units
1535,Urgent replenishment: order 3049 units
1758,Slow procurement
2342,Slow procurement
1825,Urgent replenishment: order 4006 units
2780,Maintain stock
2020,Urgent replenishment: order 4793 units
2769,Urgent replenishment: order 2605 units
1702,Maintain stock
2998,Slow procurement
2382,Reorder 1739 units
2700,Slow procurement
1658,Urgent replenishment: order 4360 units
1992,Urgent replenishment: order 2588 units
2525,Reorder 5031 units
2271,Slow procurement
1220,Run promotion / clearance
1531,Reorder 2878 units
2341,Urgent replenishment: order 3214 units
2618,Slow procurement
1119,Slow procurement
1116,Run promotion / clearance
1197,Urgent replenishment: order 3442 units
1261,Reorder 2813 units
2650,Urgent replenishment: order 2624 units
1410,Slow procurement
1843,Slow procurement
2908,Slow procurement
3084,Reorder 3240 units
1619,Run promotion / clearance
2432,Run promotion / clearance
1542,Reorder 2575 units
3012,Urgent replenishment: order 2988 units
2927,Urgent replenishment: order 3321 units
1006,Slow procurement
1833,Slow procurement
1777,Reorder 3410 units
3206,Urgent replenishment: order 3184 units
1790,Slow procurement
2815,Slow procurement
1087,Reorder 1841 units
1751,Urgent replenishment: order 3015 units
1725,Urgent replenishment: order 3429 units
1579,Run promotion / clearance
3001,Urgent replenishment: order 4539 units
3103,Urgent replenishment: order 3234 units
3079,Reorder 3283 units
1417,Urgent replenishment: order 3345 units
2483,Reorder 3479 units
2156,Maintain stock
1936,Reorder 2864 units
2106,Maintain stock
2405,Reorder 2910 units
1425,Urgent replenishment: order 2489 units
2255,Urgent replenishment: order 3926 units
1673,Reorder 3745 units
2682,Slow procurement
2969,Reorder 2917 units
2797,Urgent replenishment: order 2583 units
2530,Slow procurement
1911,Urgent replenishment: order 2596 units
3107,Reorder 3060 units
2581,Run promotion / clearance
1698,Maintain stock
1822,Slow procurement
1975,Urgent replenishment: order 2261 units
1249,Urgent replenishment: order 5016 units
3166,Slow procurement
1890,Run promotion / clearance
2621,Slow procurement
2517,Slow procurement
2805,Slow procurement
1543,Slow procurement
2978,Urgent replenishment: order 4509 units
2077,Slow procurement
1055,Reorder 4896 units
1723,Run promotion / clearance
1147,Urgent replenishment: order 2173 units
1897,Slow procurement
1364,Slow procurement
2493,Urgent replenishment: order 1690 units
2709,Run promotion / clearance
1126,Reorder 3952 units
2876,Slow procurement
1912,Urgent replenishment: order 1533 units
1500,Urgent replenishment: order 3324 units
2179,Run promotion / clearance
2109,Slow procurement
1524,Run promotion / clearance
1517,Slow procurement
1873,Slow procurement
1772,Slow procurement
2237,Reorder 3185 units
1669,Slow procurement
1433,Urgent replenishment: order 3081 units
3209,Urgent replenishment: order 2970 units
2037,Reorder 5939 units
2288,Reorder 3494 units
1525,Run promotion / clearance
2542,Reorder 3722 units
2208,Slow procurement
2344,Maintain stock
1257,Reorder 3431 units
2999,Run promotion / clearance
1862,Maintain stock
1817,Reorder 3367 units
2226,Slow procurement
2882,Urgent replenishment: order 2507 units
1976,Reorder 3542 units
1242,Reorder 3539 units
1622,Slow procurement
1338,Urgent replenishment: order 2306 units
1456,Reorder 2802 units
1515,Urgent replenishment: order 3345 units
2946,Urgent replenishment: order 2703 units
2357,Slow procurement
1800,Reorder 5885 units
2826,Slow procurement
1872,Run promotion / clearance
1384,Urgent replenishment: order 5027 units
3005,Urgent replenishment: order 2973 units
1082,Reorder 2627 units
2451,Run promotion / clearance
1727,Urgent replenishment: order 3591 units
1880,Reorder 3614 units
2527,Reorder 2835 units
2868,Maintain stock
1694,Maintain stock
1496,Reorder 3070 units
1396,Reorder 4518 units
1008,Reorder 2258 units
1829,Run promotion / clearance
1351,Reorder 4514 units
1844,Reorder 6076 units
2084,Urgent replenishment: order 2253 units
1446,Run promotion / clearance
1000,Reorder 3500 units
1358,Reorder 3499 units
1857,Urgent replenishment: order 4188 units
2410,Urgent replenishment: order 4075 units
1545,Reorder 4239 units
1845,Slow procurement
1245,Slow procurement
1309,Slow procurement
2463,Reorder 4330 units
2320,Slow procurement
2720,Urgent replenishment: order 3495 units
1229,Urgent replenishment: order 2411 units
1592,Urgent replenishment: order 1978 units
3221,Urgent replenishment: order 2610 units
1435,Reorder 2954 units
2689,Urgent replenishment: order 3369 units
1171,Reorder 3443 units
2174,Reorder 5842 units
2025,Slow procurement
2135,Urgent replenishment: order 4070 units
2398,Slow procurement
1947,Run promotion / clearance
1901,Run promotion / clearance
2701,Urgent replenishment: order 2368 units
2031,Slow procurement
1255,Urgent replenishment: order 2674 units
2462,Slow procurement
1170,Urgent replenishment: order 3159 units
1618,Maintain stock
1909,Slow procurement
1459,Reorder 3142 units
2469,Maintain stock
2266,Maintain stock
1572,Maintain stock
3137,Urgent replenishment: order 5027 units
1430,Reorder 3466 units
1279,Slow procurement
2293,Run promotion / clearance
1409,Urgent replenishment: order 5350 units
2787,Urgent replenishment: order 3182 units
2808,Maintain stock
2614,Run promotion / clearance
2445,Reorder 4506 units
2531,Slow procurement
1032,Maintain stock
2034,Run promotion / clearance
1464,Run promotion / clearance
1413,Reorder 2716 units
1838,Maintain stock
2975,Urgent replenishment: order 4108 units
2729,Urgent replenishment: order 3044 units
2629,Urgent replenishment: order 2749 units
2795,Reorder 2101 units
2930,Maintain stock
2435,Run promotion / clearance
1810,Urgent replenishment: order 4256 units
1662,Slow procurement
1522,Slow procurement
2743,Urgent replenishment: order 4868 units
2885,Slow procurement
2019,Reorder 2857 units
1974,Urgent replenishment: order 2500 units
2360,Run promotion / clearance
1386,Reorder 3623 units
2995,Slow procurement
2681,Urgent replenishment: order 5253 units
1428,Slow procurement
1960,Slow procurement
2870,Reorder 4165 units
2327,Maintain stock
2641,Urgent replenishment: order 3980 units
2866,Slow procurement
2604,Maintain stock
1888,Reorder 5014 units
2054,Urgent replenishment: order 3393 units
1035,Slow procurement
2361,Urgent replenishment: order 3557 units
2452,Reorder 3895 units
1837,Slow procurement
2449,Urgent replenishment: order 2938 units
2299,Slow procurement
1271,Urgent replenishment: order 4680 units
3214,Urgent replenishment: order 2774 units
1240,Urgent replenishment: order 2473 units
1327,Urgent replenishment: order 4233 units
2982,Maintain stock
2165,Maintain stock
2762,Maintain stock
2069,Slow procurement
2777,Slow procurement
2595,Maintain stock
1816,Slow procurement
2841,Urgent replenishment: order 2939 units
1137,Maintain stock
2652,Reorder 3723 units
2236,Maintain stock
1438,Maintain stock
2350,Run promotion / clearance
1278,Slow procurement
1580,Reorder 2962 units
2095,Run promotion / clearance
3201,Maintain stock
2465,Slow procurement
2265,Slow procurement
2959,Slow procurement
3176,Maintain stock
1541,Maintain stock
2098,Slow procurement
1561,Slow procurement
2239,Slow procurement
2408,Maintain stock
1380,Slow procurement
3128,Slow procurement
1574,Slow procurement
1786,Maintain stock
2768,Maintain stock
1681,Urgent replenishment: order 2342 units
2738,Maintain stock
3089,Slow procurement
2018,Urgent replenishment: order 3771 units
3222,Slow procurement
1368,Maintain stock
1820,Run promotion / clearance
1068,Maintain stock
1299,Slow procurement
2528,Slow procurement
1086,Slow procurement
1009,Reorder 2742 units
1453,Maintain stock
2782,Slow procurement
2285,Reorder 3490 units
2487,Maintain stock
2806,Slow procurement
2365,Maintain stock
1375,Urgent replenishment: order 2669 units
1169,Slow procurement
2189,Run promotion / clearance
3202,Urgent replenishment: order 3643 units
2278,Slow procurement
1900,Slow procurement
2651,Urgent replenishment: order 4168 units
2549,Slow procurement
2481,Urgent replenishment: order 4816 units
1706,Slow procurement
1103,Urgent replenishment: order 4467 units
1789,Slow procurement
1232,Run promotion / clearance
2570,Maintain stock
2215,Maintain stock
1539,Urgent replenishment: order 3919 units
2943,Maintain stock
1414,Slow procurement
3024,Maintain stock
2269,Slow procurement
2623,Maintain stock
1302,Urgent replenishment: order 4213 units
1146,Urgent replenishment: order 3494 units
2948,Maintain stock
2166,Slow procurement
2589,Maintain stock
2535,Maintain stock
2587,Reorder 2590 units
2121,Slow procurement
1149,Slow procurement
2492,Maintain stock
2120,Maintain stock
1477,Maintain stock
1573,Slow procurement
2912,Slow procurement
2214,Maintain stock
